Workbook

Sheet Sales
A1: Monthly sales by region, 2025
A2: Units sold. Each trend marks the region’s best month in green and its weakest in orange.
A3: Region | B3: Trend | C3: By month | D3: Jan | E3: Feb | F3: Mar | G3: Apr | H3: May | I3: Jun | J3: Jul | K3: Aug | L3: Sep | M3: Oct | N3: Nov | O3: Dec
A4: North | D4: 3221 | E4: 3995 | F4: 4156 | G4: 4633 | H4: 5342 | I4: 6380 | J4: 5492 | K4: 5278 | L4: 5226 | M4: 4050 | N4: 3837 | O4: 3882
A5: South | D5: 5563 | E5: 5182 | F5: 5115 | G5: 5517 | H5: 5612 | I5: 5758 | J5: 5123 | K5: 5488 | L5: 4272 | M5: 4607 | N5: 3570 | O5: 3674
A6: East | D6: 1865 | E6: 2475 | F6: 3297 | G6: 4174 | H6: 4915 | I6: 4792 | J6: 5216 | K6: 3849 | L6: 3218 | M6: 2772 | N6: 2470 | O6: 1873
A7: West | D7: 6011 | E7: 5345 | F7: 5000 | G7: 3938 | H7: 3884 | I7: 3695 | J7: 3579 | K7: 3868 | L7: 3842 | M7: 4731 | N7: 4795 | O7: 4834
A8: Central | D8: 2570 | E8: 2569 | F8: 2862 | G8: 2675 | H8: 2722 | I8: 3004 | J8: 2835 | K8: 2949 | L8: 3021 | M8: 3267 | N8: 2921 | O8: 2780
A9: Total | D9: =SUM(D4:D8) -> 19230 | E9: =SUM(E4:E8) -> 19566 | F9: =SUM(F4:F8) -> 20430 | G9: =SUM(G4:G8) -> 20937 | H9: =SUM(H4:H8) -> 22475 | I9: =SUM(I4:I8) -> 23629 | J9: =SUM(J4:J8) -> 22245 | K9: =SUM(K4:K8) -> 21432 | ... O9: =SUM(O4:O8) -> 17043

Sheet Growth
A1: Month-over-month growth
A2: Each month against the one before: win/loss shows the direction, the columns how far.
A3: Region | B3: Up or down | C3: Change | D3: Feb | E3: Mar | F3: Apr | G3: May | H3: Jun | I3: Jul | J3: Aug | K3: Sep | L3: Oct | M3: Nov | N3: Dec
A4: North | D4: =Sales!E4/Sales!D4-1 -> 0.24029804 | E4: =Sales!F4/Sales!E4-1 -> 0.040300375 | F4: =Sales!G4/Sales!F4-1 -> 0.11477382 | G4: =Sales!H4/Sales!G4-1 -> 0.15303259 | H4: =Sales!I4/Sales!H4-1 -> 0.19430925 | I4: =Sales!J4/Sales!I4-1 -> -0.13918495 | J4: =Sales!K4/Sales!J4-1 -> -0.038965768 | K4: =Sales!L4/Sales!K4-1 -> -0.0098522167 | ... N4: =Sales!O4/Sales!N4-1 -> 0.011727912
A5: South | D5: =Sales!E5/Sales!D5-1 -> -0.068488226 | E5: =Sales!F5/Sales!E5-1 -> -0.012929371 | F5: =Sales!G5/Sales!F5-1 -> 0.078592375 | G5: =Sales!H5/Sales!G5-1 -> 0.017219503 | H5: =Sales!I5/Sales!H5-1 -> 0.026015681 | I5: =Sales!J5/Sales!I5-1 -> -0.11028135 | J5: =Sales!K5/Sales!J5-1 -> 0.071247316 | K5: =Sales!L5/Sales!K5-1 -> -0.22157434 | ... N5: =Sales!O5/Sales!N5-1 -> 0.029131653
A6: East | D6: =Sales!E6/Sales!D6-1 -> 0.32707775 | E6: =Sales!F6/Sales!E6-1 -> 0.33212121 | F6: =Sales!G6/Sales!F6-1 -> 0.26599939 | G6: =Sales!H6/Sales!G6-1 -> 0.17752755 | H6: =Sales!I6/Sales!H6-1 -> -0.025025432 | I6: =Sales!J6/Sales!I6-1 -> 0.088480801 | J6: =Sales!K6/Sales!J6-1 -> -0.26207822 | K6: =Sales!L6/Sales!K6-1 -> -0.16393869 | ... N6: =Sales!O6/Sales!N6-1 -> -0.2417004
A7: West | D7: =Sales!E7/Sales!D7-1 -> -0.11079687 | E7: =Sales!F7/Sales!E7-1 -> -0.064546305 | F7: =Sales!G7/Sales!F7-1 -> -0.2124 | G7: =Sales!H7/Sales!G7-1 -> -0.013712544 | H7: =Sales!I7/Sales!H7-1 -> -0.048661174 | I7: =Sales!J7/Sales!I7-1 -> -0.031393775 | J7: =Sales!K7/Sales!J7-1 -> 0.080748813 | K7: =Sales!L7/Sales!K7-1 -> -0.0067218201 | ... N7: =Sales!O7/Sales!N7-1 -> 0.0081334724
A8: Central | D8: =Sales!E8/Sales!D8-1 -> -0.00038910506 | E8: =Sales!F8/Sales!E8-1 -> 0.11405216 | F8: =Sales!G8/Sales!F8-1 -> -0.065338924 | G8: =Sales!H8/Sales!G8-1 -> 0.017570093 | H8: =Sales!I8/Sales!H8-1 -> 0.10360029 | I8: =Sales!J8/Sales!I8-1 -> -0.056258322 | J8: =Sales!K8/Sales!J8-1 -> 0.04021164 | K8: =Sales!L8/Sales!K8-1 -> 0.024415056 | ... N8: =Sales!O8/Sales!N8-1 -> -0.04827114
